{
  "Format": "2.0.0",
  "ConfigSchema": {
    "lemon": {
      "AllowValues": "SweetValley, ateliercrops",
      "Default": "SweetValley",
      "Section": "Compatibility",
      "Description": "用哪个模组的柠檬？"
    },
    "cottoncandy": {
      "AllowValues": "SweetValley, ateliercrops,",
      "Default": "SweetValley",
      "Section": "Compatibility",
      "Description": "用哪个模组的棉花糖？"
    }
  },
  "CustomLocations": [
    {
      "LogName": "加载地图-甜味谷",
      "Name": "Custom_SweetValley.Sweet",
      "FromMapFile": "assets/Map/Sweet.tmx"
    }
  ],
  "Changes": [
    {
      "LogName": "CJB",
      "Action": "EditData",
      "Target": "Mods/CJBok.CheatsMenu/WarpSections",
      "Entries": {
        "{{ModId}}_SweetValley": {
          "Id": "{{ModId}}_SweetValley",
          "DisplayName": "{{i18n:SweetValley}}"
        }
      }
    },
    {
      "LogName": "CJB传送点",
      "Action": "EditData",
      "Target": "Mods/CJBok.CheatsMenu/Warps",
      "Entries": {
        "{{ModId}}_Sweet": {
          "Id": "{{ModId}}_Sweet",
          "SectionId": "{{ModId}}_SweetValley",
          "DisplayName": "{{i18n:cjb_Sweet}}",
          "Location": "Custom_SweetValley.Sweet",
          "Tile": "20, 21"
        }
      }
    },
    {
      "LogName": "信件",
      "Action": "EditData",
      "Target": "Data/mail",
      "Entries": {
        "spring_1_1": "{{i18n:spring_1_1}}"
      }
    },
    {
      "LogName": "作物",
      "Action": "Include",
      "FromFile": "assets/Data/Crops.json"
    },
    {
      "LogName": "鱼",
      "Action": "Include",
      "FromFile": "assets/Data/FishData.json"
    },
    {
      "LogName": "机器",
      "Action": "Include",
      "FromFile": "assets/Data/Machine.json"
    },
    {
      "LogName": "地图",
      "Action": "Include",
      "FromFile": "assets/Data/Map.json"
    },
    {
      "LogName": "物品",
      "Action": "Include",
      "FromFile": "assets/Data/Objects.json"
    },
    {
      "LogName": "物品数据",
      "Action": "Include",
      "FromFile": "assets/Data/ObjectsData.json"
    },
    {
      "LogName": "配方",
      "Action": "Include",
      "FromFile": "assets/Data/Recipes.json"
    },
    {
      "LogName": "商店",
      "Action": "Include",
      "FromFile": "assets/Data/Shop.json"
    },
    {
      "LogName": "树",
      "Action": "Include",
      "FromFile": "assets/Data/Trees.json"
    },
    {
      "LogName": "作物贴图",
      "Action": "Load",
      "Target": "Mods/SweetValley/Crops",
      "FromFile": "assets/Objects/Crops.png"
    },
    {
      "LogName": "鱼缸贴图",
      "Action": "Load",
      "Target": "Mods/SweetValley/AquariumFish",
      "FromFile": "assets/Objects/AquariumFish.png"
    },
    {
      "LogName": "物品贴图",
      "Action": "Load",
      "Target": "Mods/SweetValley/Objects",
      "FromFile": "assets/Objects/Objects.png"
    },
    {
      "LogName": "机器贴图",
      "Action": "Load",
      "Target": "Mods/SweetValley/Animation",
      "FromFile": "assets/Objects/Animation.png"
    },
    {
      "LogName": "树贴图",
      "Action": "Load",
      "Target": "Mods/SweetValley/Spring.cottoncandy_Tree,Mods/SweetValley/Summer.cottoncandy_Tree,Mods/SweetValley/Fall.cottoncandy_Tree,Mods/SweetValley/Winter.cottoncandy_Tree",
      "FromFile": "assets/Objects/{{TargetWithoutPath}}.png"
    },
    {
      "LogName": "果树贴图",
      "Action": "Load",
      "Target": "Mods/SweetValley/FruitTrees",
      "FromFile": "assets/Objects/FruitTrees.png"
    },
    {
      "LogName": "兼容物品贴图",
      "Action": "Load",
      "Target": "Mods/SweetValley/Compatibility",
      "FromFile": "assets/Objects/Compatibility.png"
    },
    {
      "LogName": "兼容项目",
      "Action": "Include",
      "FromFile": "assets/Compatibility/Compatibility.json"
    },
    {
      "LogName": "SVE",
      "Action": "Include",
      "FromFile": "assets/Compatibility/SVE.json",
      "When": {
        "HasMod |contains=FlashShifter.StardewValleyExpandedCP": true
      }
    },
    {
      "LogName": "采集",
      "Action": "Include",
      "FromFile": "assets/Compatibility/ateliercrops.json",
      "When": {
        "HasMod |contains=wildflour.ateliercrops": true
      }
    },
    {
      "LogName": "聚宝盆机器",
      "Action": "Include",
      "FromFile": "assets/Compatibility/CornucopiaArtisanMachines.json",
      "When": {
        "HasMod |contains=Cornucopia.ArtisanMachines": true
      }
    },
  ]
}