{
    "Changes": [
        {
            "LogName": "替换甜味谷入口",
            "Action": "EditMap",
            "Target": "Maps/Woods",
            "FromFile": "assets/Map/Sweetentrance.tmx",
            "ToArea": {
                "X": 15,
                "Y": 8,
                "Width": 1,
                "Height": 2
            },
            "Update": "OnLocationChange",
            "When": {
                "HasMod |contains=FlashShifter.StardewValleyExpandedCP": false
            }
        },
        {
            "LogName": "甜味谷传送点",
            "Action": "EditMap",
            "Target": "Maps/Custom_SweetValley.Sweet",
            "AddWarps": [
                "22 53 Woods 15 10",
                "23 53 Woods 15 10",
                "24 53 Woods 15 10"
            ],
            "When": {
                "HasMod |contains=FlashShifter.StardewValleyExpandedCP": false
            }
        },
        {
            "LogName": "替换甜味谷入口",
            "Action": "EditMap",
            "Target": "Maps/Woods",
            "FromFile": "assets/Map/SweetentranceSVE.tmx",
            "ToArea": {
                "X": 66,
                "Y": 6,
                "Width": 1,
                "Height": 2
            },
            "Update": "OnLocationChange",
            "When": {
                "HasMod |contains=FlashShifter.StardewValleyExpandedCP": true
            }
        },
        {
            "LogName": "甜味谷传送点",
            "Action": "EditMap",
            "Target": "Maps/Custom_SweetValley.Sweet",
            "AddWarps": [
                "22 53 Woods 66 8",
                "23 53 Woods 66 8",
                "24 53 Woods 66 8"
            ],
            "When": {
                "HasMod |contains=FlashShifter.StardewValleyExpandedCP": true
            }
        },
        {
            "LogName": "甜味谷钓鱼点",
            "Action": "EditData",
            "Target": "Data/Locations",
            "TargetField": [
                "Custom_SweetValley.Sweet",
                "Fish"
            ],
            "Entries": {
                "SweetValley.Squaresugarfish": {
                    "Id": "SweetValley.Squaresugarfish",
                    "ItemId": "(O)SweetValley.Squaresugarfish",
                    "Condition": "LOCATION_SEASON Here spring summer fall winter"
                }
            }
        },
    ]
}