{
    "Changes": [
        {
            "LogName": "柚子果树",
            "Action": "EditData",
            "Target": "Data/FruitTrees",
            "Entries": {
                "SweetValley.pomelo_seed": {
                    "DisplayName": "SweetValley.pomelo_seed",
                    "Seasons": [
                        "fall"
                    ],
                    "Fruit": [
                        {
                            "ID": "Default",
                            "ItemID": "(O)SweetValley.pomelo"
                        }
                    ],
                    "Texture": "Mods/SweetValley/FruitTrees",
                    "TextureSpriteRow": 0
                }
            }
        }
    ]
}