{
    "Changes": [
        {
            "LogName": "兼容物品贴图",
            "Action": "Load",
            "Target": "Mods/SweetValley/Compatibility",
            "FromFile": "assets/Objects/Compatibility.png"
        },
        {
            "LogName": "DVE替换甜味谷入口",
            "Action": "EditMap",
            "Target": "Maps/Woods",
            "FromFile": "assets/Map/SweetentranceSVE.tmx",
            "ToArea": {
                "X": 66,
                "Y": 6,
                "Width": 1,
                "Height": 2
            },
            "Update": "OnLocationChange"
        },
        {
            "LogName": "SVE甜味谷传送点",
            "Action": "EditMap",
            "Target": "Maps/Custom_SweetValley.Sweet",
            "AddWarps": [
                "22 53 Woods 66 8",
                "23 53 Woods 66 8",
                "24 53 Woods 66 8"
            ]
        },
        {
            "LogName": "冰糖雪梨配方",
            "Action": "EditData",
            "Target": "Data/CookingRecipes",
            "Entries": {
                "SweetValley.RockSugarsnowpear_Recipes": "FlashShifter.StardewValleyExpandedCP_Pear 1 245 2/10 10/SweetValley.RockSugarsnowpear 1/default/{{i18n:RockSugarsnowpear_Recipes.name}}"
            }
        },
        {
            "LogName": "SVE商店",
            "Action": "EditData",
            "Target": "Data/Shops",
            "TargetField": [
                "SweetValley.Shop",
                "Items"
            ],
            "Entries": {
                "SweetValley.RockSugarsnowpear": {
                    "Id": "SweetValley.RockSugarsnowpear",
                    "ItemId": "SweetValley.RockSugarsnowpear",
                    "Price": 360
                }
            }
        },
        {
            "LogName": "冰糖雪梨",
            "Action": "EditData",
            "Target": "Data/Objects",
            "Entries": {
                "SweetValley.RockSugarsnowpear": {
                    "Name": "SweetValley.RockSugarsnowpear",
                    "Displayname": "{{i18n:RockSugarsnowpear.name}}",
                    "Description": "{{i18n:RockSugarsnowpear.de}}",
                    "Type": "Basic",
                    "Category": -7,
                    "Price": 360,
                    "Edibility": 35,
                    "IsDrink": false,
                    "Buffs": [
                        {
                            "ID": "Food",
                            "BuffID": null,
                            "Duration": 220,
                            "IsDebuff": false,
                            "GlowColor": null,
                            "CustomAttributes": {
                                "LuckLevel": 1,
                                "MaxStamina": 1
                            },
                            "ContextTags": [
                                "sugar_item"
                            ]
                        }
                    ],
                    "Texture": "Mods/SweetValley/Compatibility",
                    "SpriteIndex": 0
                }
            }
        },
        {
            "LogName": "柿饼",
            "Action": "EditData",
            "Target": "Data/Objects",
            "Entries": {
                "SweetValley.driedpersimmon": {
                    "Name": "SweetValley.driedpersimmon",
                    "Displayname": "{{i18n:driedpersimmon.name}}",
                    "Description": "{{i18n:driedpersimmon.de}}",
                    "Type": "Basic",
                    "Category": -7,
                    "Price": 300,
                    "Edibility": 25,
                    "IsDrink": false,
                    "Buffs": [
                        {
                            "ID": "Food",
                            "BuffID": null,
                            "Duration": 240,
                            "IsDebuff": false,
                            "GlowColor": null,
                            "CustomAttributes": {
                                "LuckLevel": 1
                            },
                            "ContextTags": [
                                "sugar_item"
                            ]
                        }
                    ],
                    "Texture": "Mods/SweetValley/Compatibility",
                    "SpriteIndex": 1
                }
            }
        },
        {
            "LogName": "柿饼加工",
            "Action": "EditData",
            "Target": "Data/Machines",
            "TargetField": [
                "(BC)SweetValley.Dryingrack",
                "OutputRules"
            ],
            "Entries": {
                "SweetValley.driedpersimmon": {
                    "Id": "SweetValley.driedpersimmon",
                    "Triggers": [
                        {
                            "Id": "SSweetValley.driedpersimmon_Trigger",
                            "Trigger": "ItemPlacedInMachine",
                            "RequiredItemId": "(O)FlashShifter.StardewValleyExpandedCP_Persimmon",
                            "RequiredCount": 1
                        }
                    ],
                    "OutputItem": [
                        {
                            "Id": "SweetValley.driedpersimmon_Giver",
                            "ItemId": "(O)SweetValley.driedpersimmon",
                            "MinStack": 1,
                            "CopyQuality": true
                        }
                    ],
                    "MinutesUntilReady": 80
                }
            }
        }
    ]
}