{
    "Changes": [
        {
            "LogName": "商店",
            "Action": "EditData",
            "Target": "Data/Shops",
            "Entries": {
                "SweetValley.Shop": {
                    "Owners": [
                        {
                            "Name": "None",
                            "Dialogues": [
                                {
                                    "ID": "SweetValley.ShopOpen",
                                    "Dialogue": "{{i18n:Shop.de}}"
                                }
                            ]
                        },
                        {
                            "Name": "None",
                            "ClosedMessage": "{{i18n:Shop.cde}}"
                        }
                    ],
                    "Items": [
                        { //图腾
                            "ID": "SweetValley.totem",
                            "Price": 100,
                            "ItemID": "(O)SweetValley.totem"
                        },
                        { //波板糖
                            "ID": "SweetValley.Lollipop_seed",
                            "Price": 80,
                            "ItemID": "(O)SweetValley.Lollipop_seed"
                        },
                        { //波板糖
                            "ID": "SweetValley.Roundlollipop_seed",
                            "Price": 75,
                            "ItemID": "(O)SweetValley.Roundlollipop_seed"
                        },
                        { //冬瓜
                            "ID": "SweetValley.waxgourd_seed",
                            "Price": 80,
                            "ItemID": "(O)SweetValley.waxgourd_seed"
                        },
                        { //棉花糖树
                            "ID": "SweetValley.cottoncandy_seed",
                            "Price": 200,
                            "ItemID": "(O)SweetValley.cottoncandy_seed"
                        },
                        { //柠檬树
                            "ID": "SweetValley.lemon_seed",
                            "Price": 3000,
                            "ItemID": "(O)SweetValley.lemon_seed"
                        },
                        { //柚子树
                            "ID": "SweetValley.pomelo_seed",
                            "Price": 3000,
                            "ItemID": "(O)SweetValley.pomelo_seed"
                        },
                        { //黄油
                            "ID": "SweetValley.butter",
                            "Price": 50,
                            "ItemID": "(O)SweetValley.butter"
                        },
                        { //麦芽
                            "ID": "SweetValley.malt",
                            "Price": 40,
                            "ItemID": "(O)SweetValley.malt"
                        },
                        { //龙须酥
                            "ID": "SweetValley.Dragonbeardpastry",
                            "Price": 330,
                            "ItemID": "(O)SweetValley.Dragonbeardpastry"
                        },
                        { //糖苹果
                            "ID": "SweetValley.candyapple",
                            "Price": 350,
                            "ItemID": "SweetValley.candyapple"
                            
                        },
                        { //馅饼
                            "ID": "SweetValley.Syruppie",
                            "Price": 380,
                            "ItemID": "(O)SweetValley.Syruppie"
                            
                        },
                        { //葱
                            "ID": "SweetValley.Sugaronion",
                            "Price": 180,
                            "ItemID": "(O)SweetValley.Sugaronion"
                            
                        },
                        { //拐杖糖
                            "ID": "SweetValley.Candycane",
                            "Price": 260,
                            "ItemID": "(O)SweetValley.Candycane"
                            
                        },
                        { //布丁
                            "ID": "SweetValley.pudding",
                            "Price": 420,
                            "ItemID": "(O)SweetValley.pudding"
                            
                        },
                        { //啤酒
                            "ID": "SweetValley.butterbeer",
                            "Price": 350,
                            "ItemID": "(O)SweetValley.butterbeer"
                            
                        },
                        { //慕斯
                            "ID": "SweetValley.MousseCake",
                            "Price": 330,
                            "ItemID": "(O)SweetValley.MousseCake"
                            
                        }
                    ]
                }
            }
        }
    ]
}