{
    "Changes": [
        {
            "LogName": "棉花糖树苗",
            "Action": "EditData",
            "Target": "Data/Objects",
            "Entries": {
                "SweetValley.cottoncandy_seed": {
                    "Name": "SweetValley.cottoncandy_seed",
                    "Displayname": "{{i18n:cottoncandy_seed.name}}",
                    "Description": "{{i18n:cottoncandy_seed.de}}",
                    "Type": "seed",
                    "Category": -74,
                    "Price": 500,
                    "Edibility": -300,
                    "ExcludeFromRandomSale": "true",
                    "Texture": "Mods/SweetValley/Objects",
                    "SpriteIndex": 13
                }
            },
            "When": {
                "cottoncandy": "SweetValley"
            }
        },
        {
            "LogName": "棉花糖",
            "Action": "EditData",
            "Target": "Data/Objects",
            "Entries": {
                "SweetValley.cottoncandy": {
                    "Name": "SweetValley.cottoncandy",
                    "Displayname": "{{i18n:cottoncandy.name}}",
                    "Description": "{{i18n:cottoncandy.de}}",
                    "Type": "Basic",
                    "Category": -26,
                    "Price": 100,
                    "Edibility": 50,
                    "IsDrink": false,
                    "Buffs": [
                        {
                            "ID": "Food",
                            "BuffID": null,
                            "Duration": 300,
                            "IsDebuff": false,
                            "GlowColor": null,
                            "CustomAttributes": {
                                "LuckLevel": 1
                            },
                            "ContextTags": [
                                "sugar_item"
                            ]
                        }
                    ],
                    "Texture": "Mods/SweetValley/Objects",
                    "SpriteIndex": 18
                }
            },
            "When": {
                "cottoncandy": "SweetValley"
            }
        },
        {
            "LogName": "棉花糖树",
            "Action": "EditData",
            "Target": "Data/WildTrees",
            "Entries": {
                "SweetValley.cottoncandy_Tree": {
                    "Textures": [
                        {
                            "Condition": null,
                            "Season": "Spring",
                            "Texture": "Mods/SweetValley/Spring.cottoncandy_Tree"
                        },
                        {
                            "Condition": null,
                            "Season": "Summer",
                            "Texture": "Mods/SweetValley/Summer.cottoncandy_Tree"
                        },
                        {
                            "Condition": null,
                            "Season": "Fall",
                            "Texture": "Mods/SweetValley/Fall.cottoncandy_Tree"
                        },
                        {
                            "Condition": null,
                            "Season": "Winter",
                            "Texture": "Mods/SweetValley/Winter.cottoncandy_Tree"
                        }
                    ],
                    "SeedItemId": "SweetValley.cottoncandy_seed",
                    "SeedPlantable": true,
                    "GrowthChance": 0.2,
                    "FertilizedGrowthChance": 1.0,
                    "SeedSpreadChance": 0.15,
                    "SeedOnShakeChance": 0.05,
                    "SeedOnChopChance": 0.75,
                    "DropWoodOnChop": true,
                    "DropHardwoodOnLumberChop": true,
                    "IsLeafy": true,
                    "IsLeafyInWinter": false,
                    "IsLeafyInFall": true,
                    "PlantableLocationRules": null,
                    "GrowsInWinter": false,
                    "IsStumpDuringWinter": false,
                    "AllowWoodpeckers": false,
                    "UseAlternateSpriteWhenNotShaken": false,
                    "UseAlternateSpriteWhenSeedReady": false,
                    "DebrisColor": null,
                    "SeedDropItems": null,
                    "ChopItems": [
                        {
                            "MinSize": null,
                            "MaxSize": null,
                            "ForStump": true,
                            "Season": null,
                            "Chance": 1.0,
                            "Condition": null,
                            "Id": "(O)92",
                            "ItemId": "(O)92",
                            "RandomItemId": null,
                            "MaxItems": null,
                            "MinStack": 1,
                            "MaxStack": -1,
                            "Quality": -1,
                            "ObjectInternalName": null,
                            "ObjectDisplayName": null,
                            "ToolUpgradeLevel": -1,
                            "IsRecipe": false,
                            "StackModifiers": null,
                            "StackModifierMode": "Stack",
                            "QualityModifiers": null,
                            "QualityModifierMode": "Stack",
                            "ModData": null,
                            "PerItemCondition": null
                        }
                    ],
                    "TapItems": [
                        {
                            "PreviousItemId": null,
                            "DaysUntilReady": 3,
                            "DaysUntilReadyModifiers": null,
                            "DaysUntilReadyModifierMode": "Stack",
                            "Season": null,
                            "Chance": 1.0,
                            "Condition": null,
                            "Id": "Default",
                            "ItemId": "SweetValley.cottoncandy",
                            "RandomItemId": null,
                            "MaxItems": null,
                            "MinStack": 1,
                            "MaxStack": -1,
                            "Quality": -1,
                            "ObjectInternalName": null,
                            "ObjectDisplayName": null,
                            "ToolUpgradeLevel": -1,
                            "IsRecipe": false,
                            "StackModifiers": null,
                            "StackModifierMode": "Stack",
                            "QualityModifiers": null,
                            "QualityModifierMode": "Stack",
                            "ModData": null,
                            "PerItemCondition": null
                        }
                    ],
                    "ShakeItems": null,
                    "CustomFields": null,
                    "GrowsMoss": false
                }
            },
            "When": {
                "cottoncandy": "SweetValley"
            }
        },
        {
            "LogName": "棉花糖树商店",
            "Action": "EditData",
            "Target": "Data/Shops",
            "TargetField": [
                "SweetValley.Shop",
                "Items"
            ],
            "Entries": {
                "SweetValley.cottoncandy_seed": {
                    "Id": "SweetValley.cottoncandy_seed",
                    "ItemId": "SweetValley.cottoncandy_seed",
                    "Price": 200
                }
            },
            "When": {
                "cottoncandy": "SweetValley"
            }
        },
        {
            "LogName": "棉花糖树商店",
            "Action": "EditData",
            "Target": "Data/Shops",
            "TargetField": [
                "SweetValley.Shop",
                "Items"
            ],
            "Entries": {
                "SweetValley.lemon_seed": {
                    "Id": "SweetValley.lemon_seed",
                    "ItemId": "SweetValley.lemon_seed",
                    "Price": 3000
                }
            },
            "When": {
                "lemon": "SweetValley"
            }
        },
        {
            "LogName": "柠檬",
            "Action": "EditData",
            "Target": "Data/Objects",
            "Entries": {
                "SweetValley.lemon": {
                    "Name": "SweetValley.lemon",
                    "Displayname": "{{i18n:lemon.name}}",
                    "Description": "{{i18n:lemon.de}}",
                    "Type": "Basic",
                    "Category": -79,
                    "Price": 120,
                    "Edibility": 10,
                    "Texture": "Mods/SweetValley/Objects",
                    "SpriteIndex": 20,
                    "ContextTags": [
                        "color_yellow"
                    ]
                }
            },
            "When": {
                "lemon": "SweetValley"
            }
        },
        {
            "LogName": "柠檬树苗",
            "Action": "EditData",
            "Target": "Data/Objects",
            "Entries": {
                "SweetValley.lemon_seed": {
                    "Name": "SweetValley.lemon_seed",
                    "Displayname": "{{i18n:lemon_seed.name}}",
                    "Description": "{{i18n:lemon_seed.de}}",
                    "Type": "seed",
                    "Category": -74,
                    "Price": 3000,
                    "Edibility": -300,
                    "ExcludeFromRandomSale": "true",
                    "Texture": "Mods/SweetValley/Objects",
                    "SpriteIndex": 14
                }
            },
            "When": {
                "lemon": "SweetValley"
            }
        },
        {
            "LogName": "柠檬果树",
            "Action": "EditData",
            "Target": "Data/FruitTrees",
            "Entries": {
                "SweetValley.lemon_seed": {
                    "DisplayName": "SweetValley.lemon_seed",
                    "Seasons": [
                        "fall"
                    ],
                    "Fruit": [
                        {
                            "ID": "Default",
                            "ItemID": "(O)SweetValley.lemon"
                        }
                    ],
                    "Texture": "Mods/SweetValley/FruitTrees",
                    "TextureSpriteRow": 1
                }
            },
            "When": {
                "lemon": "SweetValley"
            }
        },
        {
            "LogName": "玉米淀粉",
            "Action": "EditData",
            "Target": "Data/Objects",
            "Entries": {
                "SweetValley.CornStarch": {
                    "Name": "SweetValley.CornStarch",
                    "Displayname": "{{i18n:CornStarch.name}}",
                    "Description": "{{i18n:CornStarch.de}}",
                    "Type": "Basic",
                    "Category": -26,
                    "Price": 30,
                    "Edibility": -300,
                    "Texture": "Mods/SweetValley/Objects",
                    "SpriteIndex": 24,
                    "ContextTags": [
                        "color_white"
                    ]
                }
            },
            "When": {
                "HasMod |contains=Cornucopia.ArtisanMachines": false
            }
        },
        {
            "LogName": "淀粉加工",
            "Action": "EditData",
            "Target": "Data/Buildings",
            "TargetField": [
                "Mill",
                "ItemConversions"
            ],
            "Entries": {
                "SweetValley.CornStarch": {
                    "Id": "SweetValley.CornStarch",
                    "SourceChest": "Input",
                    "DestinationChest": "Output",
                    "RequiredTags": [
                        "id_o_270"
                    ],
                    "ProducedItems": [
                        {
                            "ItemId": "(O)SweetValley.CornStarch",
                            "MinStack": 2
                        }
                    ],
                    "MaxDailyConversions": 80
                }
            },
            "When": {
                "HasMod |contains=Cornucopia.ArtisanMachines": false
            }
        },
        {
            "LogName": "龙须酥配方",
            "Action": "EditData",
            "Target": "Data/CookingRecipes",
            "Entries": {
                "Dragonbeardpastry Recipes": "SweetValley.syrup 1 SweetValley.CornStarch 2/9999 9999/SweetValley.Dragonbeardpastry/default/{{i18n:Dragonbeardpastry_Recipes.name}}"
            },
            "When": {
                "HasMod |contains=Cornucopia.ArtisanMachines": false
            }
        },
    ]
}