{
    "Changes": [
        {
            "LogName": "物品配方",
            "Action": "EditData",
            "Target": "Data/CraftingRecipes",
            "Entries": {
                //晾干
                "SweetValley.Dryingrack_Recipes": "388 10 334 1//SweetValley.Dryingrack/true/Farming 2/{{i18n:Dryingrack_Recipes.name}}",
                //坩埚
                "SweetValley.Candycrucible_Recipes": "388 2 335 3//SweetValley.Candycrucible/true/Farming 3/{{i18n:Candycrucible_Recipes.name}}",
                //图腾
                "SweetValley.totem_Recipes": "245 1 SweetValley.butter 1 388 5/Home/SweetValley.totem/false/Foraging 1{{i18n:totem_Recipes.name}}"
                //"SweetValley.Lollipop_Recipes": "SweetValley.butter 1243 2 388 10//SweetValley.Lollipop/true/{{i18n:Lollipop_Recipes.name}}",
                //"SweetValley.Roundlollipop_Recipes": "SweetValley.butter 1 SweetValley.Roundlollipop 2 388 10//SweetValley.Roundlollipop/true/{{i18n:Roundlollipop_Recipes.name}}",
                //"SweetValley.cottoncandy_Recipes": "SweetValley.butter 1 SweetValley.cottoncandy 2 388 10//SweetValley.cottoncandy/true/{{i18n:cottoncandy_Recipes.name}}",
            }
        },
        {
            "LogName": "料理配方",
            "Action": "EditData",
            "Target": "Data/CookingRecipes",
            "Entries": {
                //龙须酥
                "Dragonbeardpastry Recipes": "SweetValley.syrup 1 SweetValley.CornStarch 2/9999 9999/SweetValley.Dragonbeardpastry/default/{{i18n:Dragonbeardpastry_Recipes.name}}",
                //糖苹果
                "SweetValley.candyapple_Recipes": "SweetValley.syrup 1 613 1/9999 9999/SweetValley.candyapple/default/{{i18n:candyapple_Recipes.name}}",
                //馅饼
                "SweetValley.Syruppie_Recipes": "SweetValley.syrup 1 SweetValley.butter 1 246 2 176 1/9999 9999/SweetValley.Syruppie/default/{{i18n:Syruppie_Recipes.name}}",
                //糖葱
                "SweetValley.Sugaronion_Recipes": "SweetValley.syrup 2/9999 9999/SweetValley.Sugaronion/default/{{i18n:Sugaronion_Recipes.name}}",
                //拐杖糖
                "SweetValley.Candycane_Recipes": "SweetValley.syrup 1/9999 9999/SweetValley.Candycane/default/{{i18n:Candycane_Recipes.name}}",
                //布丁
                "SweetValley.pudding_Recipes": "SweetValley.butter 1 724 1 176 1/9999 9999/SweetValley.pudding/default/{{i18n:pudding_Recipes.name}}",
                //啤酒
                "SweetValley.butterbeer_Recipes": "346 1 SweetValley.butter 1/9999 9999/SweetValley.butterbeer/default/{{i18n:butterbeer_Recipes.name}}",
                //慕斯
                "SweetValley.MousseCake_Recipes": "SweetValley.butter 1 176 1 613 1 184 2/9999 9999/SweetValley.MousseCake/default/{{i18n:MousseCake_Recipes.name}}"
            }
        },
        {
            "Action": "EditData",
            "Target": "spacechase0.SpaceCore/CookingRecipeOverrides",
            "Entries": {
                "SweetValley.Syruppie": {
                    "ProductQualifiedId": "{{ModId}}_SweetValley.Syruppie",
                    "ProductAmount": 1,
                    "Ingredients": [
                        {
                            "Type": "ContextTag",
                            "Value": "egg_item",
                            "Amount": 1,
                            "OverrideText": "{{i18n:egg}}"
                        },
                        {
                            "Type": "Item",
                            "Value": "(O)246",
                            "Amount": 2
                        },
                        {
                            "Type": "Item",
                            "Value": "(O)SweetValley.butter",
                            "Amount": 1
                        },
                        {
                            "Type": "Item",
                            "Value": "(O)SweetValley.syrup",
                            "Amount": 1
                        }
                    ]
                },
                "SweetValley.pudding": {
                    "ProductQualifiedId": "{{ModId}}_SweetValley.pudding",
                    "ProductAmount": 1,
                    "Ingredients": [
                        {
                            "Type": "ContextTag",
                            "Value": "egg_item",
                            "Amount": 1,
                            "OverrideText": "{{i18n:egg}}"
                        },
                        {
                            "Type": "Item",
                            "Value": "(O)SweetValley.butter",
                            "Amount": 2
                        },
                        {
                            "Type": "Item",
                            "Value": "(O)724",
                            "Amount": 1
                        }
                    ]
                },
                "SweetValley.MousseCake": {
                    "ProductQualifiedId": "{{ModId}}_SweetValley.MousseCake",
                    "ProductAmount": 1,
                    "Ingredients": [
                        {
                            "Type": "ContextTag",
                            "Value": "egg_item",
                            "Amount": 1,
                            "OverrideText": "{{i18n:egg}}"
                        },
                        {
                            "Type": "ContextTag",
                            "Value": "fruits_item",
                            "Amount": 1,
                            "OverrideText": "{{i18n:fruits}}"
                        },
                        {
                            "Type": "ContextTag",
                            "Value": "Milk_item",
                            "Amount": 2,
                            "OverrideText": "{{i18n:Milk}}"
                        },
                        {
                            "Type": "Item",
                            "Value": "(O)SweetValley.butter",
                            "Amount": 1
                        }
                    ]
                }
            }
        }
    ]
}