{
    "Changes": [
        {
            "LogName": "糖果坩埚加工",
            "Action": "EditData",
            "Target": "Data/Machines",
            "Entries": {
                "(BC)SweetValley.Candycrucible": {
                    "OutputRules": [
                        { //年糕
                            "Id": "SweetValley.NewYearcake",
                            "Triggers": [
                                {
                                    "RequiredItemId": "(O)271",
                                    "RequiredCount": 2
                                }
                            ],
                            "OutputItem": [
                                {
                                    "ItemId": "(O)SweetValley.NewYearcake",
                                    "Quality": 1
                                }
                            ],
                            "MinutesUntilReady": 80
                        },
                        { //麦芽糖
                            "Id": "SweetValley.maltose",
                            "Triggers": [
                                {
                                    "RequiredItemId": "(O)SweetValley.malt"
                                }
                            ],
                            "OutputItem": [
                                {
                                    "ItemId": "(O)SweetValley.maltose",
                                    "Quality": 1
                                }
                            ],
                            "MinutesUntilReady": 80
                        },
                        { //牛轧糖
                            "Id": "SweetValley.nougat",
                            "Triggers": [
                                {
                                    "RequiredItemId": "(O)408",
                                    "RequiredCount": 1
                                }
                            ],
                            "UseFirstValidOutput": true,
                            "OutputItem": [
                                {
                                    "CustomData": {
                                        "selph.ExtraMachineConfig.RequirementId.1": "(O)wildflour.ateliercrops_mallow",
                                        "selph.ExtraMachineConfig.RequirementInvalidMsg": "{{i18n:nougat_need}}"
                                    },
                                    "ItemId": "(O)SweetValley.nougat",
                                    "Quality": 2
                                }
                            ],
                            "MinutesUntilReady": 100
                        },
                        { //柠檬糖
                            "Id": "SweetValley.lemondrops",
                            "Triggers": [
                                {
                                    "RequiredItemId": "(O)wildflour.ateliercrops_lemon",
                                    "RequiredCount": 1
                                }
                            ],
                            "UseFirstValidOutput": true,
                            "OutputItem": [
                                {
                                    "CustomData": {
                                        "selph.ExtraMachineConfig.RequirementId.1": "(O)SweetValley.syrup",
                                        "selph.ExtraMachineConfig.RequirementInvalidMsg": "{{i18n:syrup_need}}"
                                    },
                                    "ItemId": "(O)SweetValley.lemondrops",
                                    "Quality": 2
                                }
                            ],
                            "MinutesUntilReady": 100
                        },
                        { //柚子糖
                            "Id": "SweetValley.Yuzucandy",
                            "Triggers": [
                                {
                                    "RequiredItemId": "(O)SweetValley.pomelo",
                                    "RequiredCount": 1
                                }
                            ],
                            "UseFirstValidOutput": true,
                            "OutputItem": [
                                {
                                    "CustomData": {
                                        "selph.ExtraMachineConfig.RequirementId.1": "(O)SweetValley.syrup",
                                        "selph.ExtraMachineConfig.RequirementInvalidMsg": "{{i18n:syrup_need}}"
                                    },
                                    "ItemId": "(O)SweetValley.Yuzucandy",
                                    "Quality": 2
                                }
                            ],
                            "MinutesUntilReady": 100
                        },
                        { //话梅糖
                            "Id": "SweetValley.SugarPlum",
                            "Triggers": [
                                {
                                    "RequiredItemId": "(O)406",
                                    "RequiredCount": 1
                                }
                            ],
                            "UseFirstValidOutput": true,
                            "OutputItem": [
                                {
                                    "CustomData": {
                                        "selph.ExtraMachineConfig.RequirementId.1": "(O)SweetValley.syrup",
                                        "selph.ExtraMachineConfig.RequirementInvalidMsg": "{{i18n:syrup_need}}"
                                    },
                                    "ItemId": "(O)SweetValley.SugarPlum",
                                    "Quality": 1
                                }
                            ],
                            "MinutesUntilReady": 80
                        },
                        { //冬瓜糖
                            "Id": "SweetValley.candiedmelon",
                            "Triggers": [
                                {
                                    "RequiredItemId": "(O)SweetValley.waxgourd",
                                    "RequiredCount": 1
                                }
                            ],
                            "UseFirstValidOutput": true,
                            "OutputItem": [
                                {
                                    "CustomData": {
                                        "selph.ExtraMachineConfig.RequirementId.1": "(O)SweetValley.syrup",
                                        "selph.ExtraMachineConfig.RequirementInvalidMsg": "{{i18n:syrup_need}}"
                                    },
                                    "ItemId": "(O)SweetValley.candiedmelon",
                                    "Quality": 2
                                }
                            ],
                            "MinutesUntilReady": 100
                        },
                        { //椰子糖
                            "Id": "SweetValley.coconutcandy",
                            "Triggers": [
                                {
                                    "RequiredItemId": "(O)88",
                                    "RequiredCount": 1
                                }
                            ],
                            "UseFirstValidOutput": true,
                            "OutputItem": [
                                {
                                    "CustomData": {
                                        "selph.ExtraMachineConfig.RequirementId.1": "(O)SweetValley.syrup",
                                        "selph.ExtraMachineConfig.RequirementInvalidMsg": "{{i18n:syrup_need}}"
                                    },
                                    "ItemId": "(O)SweetValley.coconutcandy",
                                    "Quality": 2
                                }
                            ],
                            "MinutesUntilReady": 100
                        },
                        { //姜片糖
                            "Id": "SweetValley.CandiedGinger",
                            "Triggers": [
                                {
                                    "RequiredItemId": "(O)829",
                                    "RequiredCount": 1
                                }
                            ],
                            "UseFirstValidOutput": true,
                            "OutputItem": [
                                {
                                    "CustomData": {
                                        "selph.ExtraMachineConfig.RequirementId.1": "(O)SweetValley.syrup",
                                        "selph.ExtraMachineConfig.RequirementInvalidMsg": "{{i18n:syrup_need}}"
                                    },
                                    "ItemId": "(O)SweetValley.CandiedGinger",
                                    "Quality": 2
                                }
                            ],
                            "MinutesUntilReady": 100
                        },
                        { //酒心糖
                            "Id": "SweetValley.JiuxinSugar",
                            "Triggers": [
                                {
                                    "RequiredItemId": "(O)303",
                                    "RequiredCount": 1
                                }
                            ],
                            "UseFirstValidOutput": true,
                            "OutputItem": [
                                {
                                    "CustomData": {
                                        "selph.ExtraMachineConfig.RequirementId.1": "(O)SweetValley.syrup",
                                        "selph.ExtraMachineConfig.RequirementInvalidMsg": "{{i18n:syrup_need}}"
                                    },
                                    "ItemId": "(O)SweetValley.JiuxinSugar",
                                    "Quality": 2
                                }
                            ],
                            "MinutesUntilReady": 100
                        },
                        { //奶糖
                            "Id": "SweetValley.toffee",
                            "Triggers": [
                                {
                                    "RequiredTags": [
                                        "category_milk"
                                    ],
                                    "RequiredCount": 1
                                }
                            ],
                            "UseFirstValidOutput": true,
                            "OutputItem": [
                                {
                                    "CustomData": {
                                        "selph.ExtraMachineConfig.RequirementId.1": "(O)SweetValley.syrup",
                                        "selph.ExtraMachineConfig.RequirementInvalidMsg": "{{i18n:syrup_need}}"
                                    },
                                    "ItemId": "(O)SweetValley.toffee",
                                    "Quality": 2
                                }
                            ],
                            "MinutesUntilReady": 100
                        },
                        { //罐头
                            "Id": "SweetValley.can",
                            "Triggers": [
                                {
                                    "RequiredTags": [
                                        "category_fruits"
                                    ],
                                    "RequiredCount": 2
                                }
                            ],
                            "OutputItem": [
                                {
                                    "ItemId": "SweetValley.can",
                                    "ObjectInternalName": "{0} SweetValley.can",
                                    "ObjectDisplayName": "[LocalizedText Strings/Objects:SweetValley.can_0 %PRESERVED_DISPLAY_NAME]",
                                    "PreserveId": "DROP_IN",
                                    "CopyPrice": true,
                                    "CustomData": {
                                        "selph.ExtraMachineConfig.CopyColor": "true",
                                        "selph.ExtraMachineConfig.RequirementTags.1": "id_o_245",
                                        "selph.ExtraMachineConfig.RequirementInvalidMsg": "{{i18n:245_need}}"
                                    },
                                    "PriceModifiers": [
                                        {
                                            "Id": "Friedones",
                                            "Modification": "Multiply",
                                            "Amount": 5
                                        }
                                    ]
                                }
                            ],
                            "MinutesUntilReady": 300
                        }
                    ],
                    "WobbleWhileWorking": true,
                    "ShowNextIndexWhileWorking": true
                }
            },
            "When": {
                "lemon": "ateliercrops",
                "cottoncandy": "ateliercrops"
            }
        },
        {
            "LogName": "糖果坩埚加工",
            "Action": "EditData",
            "Target": "Data/Machines",
            "Entries": {
                "(BC)SweetValley.Candycrucible": {
                    "OutputRules": [
                        { //年糕
                            "Id": "SweetValley.NewYearcake",
                            "Triggers": [
                                {
                                    "RequiredItemId": "(O)271",
                                    "RequiredCount": 2
                                }
                            ],
                            "OutputItem": [
                                {
                                    "ItemId": "(O)SweetValley.NewYearcake",
                                    "Quality": 1
                                }
                            ],
                            "MinutesUntilReady": 80
                        },
                        { //麦芽糖
                            "Id": "SweetValley.maltose",
                            "Triggers": [
                                {
                                    "RequiredItemId": "(O)SweetValley.malt"
                                }
                            ],
                            "OutputItem": [
                                {
                                    "ItemId": "(O)SweetValley.maltose",
                                    "Quality": 1
                                }
                            ],
                            "MinutesUntilReady": 80
                        },
                        { //牛轧糖
                            "Id": "SweetValley.nougat",
                            "Triggers": [
                                {
                                    "RequiredItemId": "(O)408",
                                    "RequiredCount": 1
                                }
                            ],
                            "UseFirstValidOutput": true,
                            "OutputItem": [
                                {
                                    "CustomData": {
                                        "selph.ExtraMachineConfig.RequirementId.1": "(O)SweetValley.cottoncandy",
                                        "selph.ExtraMachineConfig.RequirementInvalidMsg": "{{i18n:nougat_need}}"
                                    },
                                    "ItemId": "(O)SweetValley.nougat",
                                    "Quality": 2
                                }
                            ],
                            "MinutesUntilReady": 100
                        },
                        { //柠檬糖
                            "Id": "SweetValley.lemondrops",
                            "Triggers": [
                                {
                                    "RequiredItemId": "(O)wildflour.ateliercrops_lemon",
                                    "RequiredCount": 1
                                }
                            ],
                            "UseFirstValidOutput": true,
                            "OutputItem": [
                                {
                                    "CustomData": {
                                        "selph.ExtraMachineConfig.RequirementId.1": "(O)SweetValley.syrup",
                                        "selph.ExtraMachineConfig.RequirementInvalidMsg": "{{i18n:syrup_need}}"
                                    },
                                    "ItemId": "(O)SweetValley.lemondrops",
                                    "Quality": 2
                                }
                            ],
                            "MinutesUntilReady": 100
                        },
                        { //柚子糖
                            "Id": "SweetValley.Yuzucandy",
                            "Triggers": [
                                {
                                    "RequiredItemId": "(O)SweetValley.pomelo",
                                    "RequiredCount": 1
                                }
                            ],
                            "UseFirstValidOutput": true,
                            "OutputItem": [
                                {
                                    "CustomData": {
                                        "selph.ExtraMachineConfig.RequirementId.1": "(O)SweetValley.syrup",
                                        "selph.ExtraMachineConfig.RequirementInvalidMsg": "{{i18n:syrup_need}}"
                                    },
                                    "ItemId": "(O)SweetValley.Yuzucandy",
                                    "Quality": 2
                                }
                            ],
                            "MinutesUntilReady": 100
                        },
                        { //话梅糖
                            "Id": "SweetValley.SugarPlum",
                            "Triggers": [
                                {
                                    "RequiredItemId": "(O)406",
                                    "RequiredCount": 1
                                }
                            ],
                            "UseFirstValidOutput": true,
                            "OutputItem": [
                                {
                                    "CustomData": {
                                        "selph.ExtraMachineConfig.RequirementId.1": "(O)SweetValley.syrup",
                                        "selph.ExtraMachineConfig.RequirementInvalidMsg": "{{i18n:syrup_need}}"
                                    },
                                    "ItemId": "(O)SweetValley.SugarPlum",
                                    "Quality": 1
                                }
                            ],
                            "MinutesUntilReady": 80
                        },
                        { //冬瓜糖
                            "Id": "SweetValley.candiedmelon",
                            "Triggers": [
                                {
                                    "RequiredItemId": "(O)SweetValley.waxgourd",
                                    "RequiredCount": 1
                                }
                            ],
                            "UseFirstValidOutput": true,
                            "OutputItem": [
                                {
                                    "CustomData": {
                                        "selph.ExtraMachineConfig.RequirementId.1": "(O)SweetValley.syrup",
                                        "selph.ExtraMachineConfig.RequirementInvalidMsg": "{{i18n:syrup_need}}"
                                    },
                                    "ItemId": "(O)SweetValley.candiedmelon",
                                    "Quality": 2
                                }
                            ],
                            "MinutesUntilReady": 100
                        },
                        { //椰子糖
                            "Id": "SweetValley.coconutcandy",
                            "Triggers": [
                                {
                                    "RequiredItemId": "(O)88",
                                    "RequiredCount": 1
                                }
                            ],
                            "UseFirstValidOutput": true,
                            "OutputItem": [
                                {
                                    "CustomData": {
                                        "selph.ExtraMachineConfig.RequirementId.1": "(O)SweetValley.syrup",
                                        "selph.ExtraMachineConfig.RequirementInvalidMsg": "{{i18n:syrup_need}}"
                                    },
                                    "ItemId": "(O)SweetValley.coconutcandy",
                                    "Quality": 2
                                }
                            ],
                            "MinutesUntilReady": 100
                        },
                        { //姜片糖
                            "Id": "SweetValley.CandiedGinger",
                            "Triggers": [
                                {
                                    "RequiredItemId": "(O)829",
                                    "RequiredCount": 1
                                }
                            ],
                            "UseFirstValidOutput": true,
                            "OutputItem": [
                                {
                                    "CustomData": {
                                        "selph.ExtraMachineConfig.RequirementId.1": "(O)SweetValley.syrup",
                                        "selph.ExtraMachineConfig.RequirementInvalidMsg": "{{i18n:syrup_need}}"
                                    },
                                    "ItemId": "(O)SweetValley.CandiedGinger",
                                    "Quality": 2
                                }
                            ],
                            "MinutesUntilReady": 100
                        },
                        { //酒心糖
                            "Id": "SweetValley.JiuxinSugar",
                            "Triggers": [
                                {
                                    "RequiredItemId": "(O)303",
                                    "RequiredCount": 1
                                }
                            ],
                            "UseFirstValidOutput": true,
                            "OutputItem": [
                                {
                                    "CustomData": {
                                        "selph.ExtraMachineConfig.RequirementId.1": "(O)SweetValley.syrup",
                                        "selph.ExtraMachineConfig.RequirementInvalidMsg": "{{i18n:syrup_need}}"
                                    },
                                    "ItemId": "(O)SweetValley.JiuxinSugar",
                                    "Quality": 2
                                }
                            ],
                            "MinutesUntilReady": 100
                        },
                        { //奶糖
                            "Id": "SweetValley.toffee",
                            "Triggers": [
                                {
                                    "RequiredTags": [
                                        "category_milk"
                                    ],
                                    "RequiredCount": 1
                                }
                            ],
                            "UseFirstValidOutput": true,
                            "OutputItem": [
                                {
                                    "CustomData": {
                                        "selph.ExtraMachineConfig.RequirementId.1": "(O)SweetValley.syrup",
                                        "selph.ExtraMachineConfig.RequirementInvalidMsg": "{{i18n:syrup_need}}"
                                    },
                                    "ItemId": "(O)SweetValley.toffee",
                                    "Quality": 2
                                }
                            ],
                            "MinutesUntilReady": 100
                        },
                        { //罐头
                            "Id": "SweetValley.can",
                            "Triggers": [
                                {
                                    "RequiredTags": [
                                        "category_fruits"
                                    ],
                                    "RequiredCount": 2
                                }
                            ],
                            "OutputItem": [
                                {
                                    "ItemId": "SweetValley.can",
                                    "ObjectInternalName": "{0} SweetValley.can",
                                    "ObjectDisplayName": "[LocalizedText Strings/Objects:SweetValley.can_0 %PRESERVED_DISPLAY_NAME]",
                                    "PreserveId": "DROP_IN",
                                    "CopyPrice": true,
                                    "CustomData": {
                                        "selph.ExtraMachineConfig.CopyColor": "true",
                                        "selph.ExtraMachineConfig.RequirementTags.1": "id_o_245",
                                        "selph.ExtraMachineConfig.RequirementInvalidMsg": "{{i18n:245_need}}"
                                    },
                                    "PriceModifiers": [
                                        {
                                            "Id": "Friedones",
                                            "Modification": "Multiply",
                                            "Amount": 5
                                        }
                                    ]
                                }
                            ],
                            "MinutesUntilReady": 300
                        }
                    ],
                    "WobbleWhileWorking": true,
                    "ShowNextIndexWhileWorking": true
                }
            },
            "When": {
                "lemon": "ateliercrops",
                "cottoncandy": "SweetValley"
            }
        },
        {
            "LogName": "糖果坩埚加工",
            "Action": "EditData",
            "Target": "Data/Machines",
            "Entries": {
                "(BC)SweetValley.Candycrucible": {
                    "OutputRules": [
                        { //年糕
                            "Id": "SweetValley.NewYearcake",
                            "Triggers": [
                                {
                                    "RequiredItemId": "(O)271",
                                    "RequiredCount": 2
                                }
                            ],
                            "OutputItem": [
                                {
                                    "ItemId": "(O)SweetValley.NewYearcake",
                                    "Quality": 1
                                }
                            ],
                            "MinutesUntilReady": 80
                        },
                        { //麦芽糖
                            "Id": "SweetValley.maltose",
                            "Triggers": [
                                {
                                    "RequiredItemId": "(O)SweetValley.malt"
                                }
                            ],
                            "OutputItem": [
                                {
                                    "ItemId": "(O)SweetValley.maltose",
                                    "Quality": 1
                                }
                            ],
                            "MinutesUntilReady": 80
                        },
                        { //牛轧糖
                            "Id": "SweetValley.nougat",
                            "Triggers": [
                                {
                                    "RequiredItemId": "(O)408",
                                    "RequiredCount": 1
                                }
                            ],
                            "UseFirstValidOutput": true,
                            "OutputItem": [
                                {
                                    "CustomData": {
                                        "selph.ExtraMachineConfig.RequirementId.1": "(O)wildflour.ateliercrops_mallow",
                                        "selph.ExtraMachineConfig.RequirementInvalidMsg": "{{i18n:nougat_need}}"
                                    },
                                    "ItemId": "(O)SweetValley.nougat",
                                    "Quality": 2
                                }
                            ],
                            "MinutesUntilReady": 100
                        },
                        { //柠檬糖
                            "Id": "SweetValley.lemondrops",
                            "Triggers": [
                                {
                                    "RequiredItemId": "(O)wildflour.ateliercrops_lemon",
                                    "RequiredCount": 1
                                }
                            ],
                            "UseFirstValidOutput": true,
                            "OutputItem": [
                                {
                                    "CustomData": {
                                        "selph.ExtraMachineConfig.RequirementId.1": "(O)SweetValley.syrup",
                                        "selph.ExtraMachineConfig.RequirementInvalidMsg": "{{i18n:syrup_need}}"
                                    },
                                    "ItemId": "(O)SweetValley.lemondrops",
                                    "Quality": 2
                                }
                            ],
                            "MinutesUntilReady": 100
                        },
                        { //柚子糖
                            "Id": "SweetValley.Yuzucandy",
                            "Triggers": [
                                {
                                    "RequiredItemId": "(O)SweetValley.pomelo",
                                    "RequiredCount": 1
                                }
                            ],
                            "UseFirstValidOutput": true,
                            "OutputItem": [
                                {
                                    "CustomData": {
                                        "selph.ExtraMachineConfig.RequirementId.1": "(O)SweetValley.syrup",
                                        "selph.ExtraMachineConfig.RequirementInvalidMsg": "{{i18n:syrup_need}}"
                                    },
                                    "ItemId": "(O)SweetValley.Yuzucandy",
                                    "Quality": 2
                                }
                            ],
                            "MinutesUntilReady": 100
                        },
                        { //话梅糖
                            "Id": "SweetValley.SugarPlum",
                            "Triggers": [
                                {
                                    "RequiredItemId": "(O)406",
                                    "RequiredCount": 1
                                }
                            ],
                            "UseFirstValidOutput": true,
                            "OutputItem": [
                                {
                                    "CustomData": {
                                        "selph.ExtraMachineConfig.RequirementId.1": "(O)SweetValley.syrup",
                                        "selph.ExtraMachineConfig.RequirementInvalidMsg": "{{i18n:syrup_need}}"
                                    },
                                    "ItemId": "(O)SweetValley.SugarPlum",
                                    "Quality": 1
                                }
                            ],
                            "MinutesUntilReady": 80
                        },
                        { //冬瓜糖
                            "Id": "SweetValley.candiedmelon",
                            "Triggers": [
                                {
                                    "RequiredItemId": "(O)SweetValley.waxgourd",
                                    "RequiredCount": 1
                                }
                            ],
                            "UseFirstValidOutput": true,
                            "OutputItem": [
                                {
                                    "CustomData": {
                                        "selph.ExtraMachineConfig.RequirementId.1": "(O)SweetValley.syrup",
                                        "selph.ExtraMachineConfig.RequirementInvalidMsg": "{{i18n:syrup_need}}"
                                    },
                                    "ItemId": "(O)SweetValley.candiedmelon",
                                    "Quality": 2
                                }
                            ],
                            "MinutesUntilReady": 100
                        },
                        { //椰子糖
                            "Id": "SweetValley.coconutcandy",
                            "Triggers": [
                                {
                                    "RequiredItemId": "(O)88",
                                    "RequiredCount": 1
                                }
                            ],
                            "UseFirstValidOutput": true,
                            "OutputItem": [
                                {
                                    "CustomData": {
                                        "selph.ExtraMachineConfig.RequirementId.1": "(O)SweetValley.syrup",
                                        "selph.ExtraMachineConfig.RequirementInvalidMsg": "{{i18n:syrup_need}}"
                                    },
                                    "ItemId": "(O)SweetValley.coconutcandy",
                                    "Quality": 2
                                }
                            ],
                            "MinutesUntilReady": 100
                        },
                        { //姜片糖
                            "Id": "SweetValley.CandiedGinger",
                            "Triggers": [
                                {
                                    "RequiredItemId": "(O)829",
                                    "RequiredCount": 1
                                }
                            ],
                            "UseFirstValidOutput": true,
                            "OutputItem": [
                                {
                                    "CustomData": {
                                        "selph.ExtraMachineConfig.RequirementId.1": "(O)SweetValley.syrup",
                                        "selph.ExtraMachineConfig.RequirementInvalidMsg": "{{i18n:syrup_need}}"
                                    },
                                    "ItemId": "(O)SweetValley.CandiedGinger",
                                    "Quality": 2
                                }
                            ],
                            "MinutesUntilReady": 100
                        },
                        { //酒心糖
                            "Id": "SweetValley.JiuxinSugar",
                            "Triggers": [
                                {
                                    "RequiredItemId": "(O)303",
                                    "RequiredCount": 1
                                }
                            ],
                            "UseFirstValidOutput": true,
                            "OutputItem": [
                                {
                                    "CustomData": {
                                        "selph.ExtraMachineConfig.RequirementId.1": "(O)SweetValley.syrup",
                                        "selph.ExtraMachineConfig.RequirementInvalidMsg": "{{i18n:syrup_need}}"
                                    },
                                    "ItemId": "(O)SweetValley.JiuxinSugar",
                                    "Quality": 2
                                }
                            ],
                            "MinutesUntilReady": 100
                        },
                        { //奶糖
                            "Id": "SweetValley.toffee",
                            "Triggers": [
                                {
                                    "RequiredTags": [
                                        "category_milk"
                                    ],
                                    "RequiredCount": 1
                                }
                            ],
                            "UseFirstValidOutput": true,
                            "OutputItem": [
                                {
                                    "CustomData": {
                                        "selph.ExtraMachineConfig.RequirementId.1": "(O)SweetValley.syrup",
                                        "selph.ExtraMachineConfig.RequirementInvalidMsg": "{{i18n:syrup_need}}"
                                    },
                                    "ItemId": "(O)SweetValley.toffee",
                                    "Quality": 2
                                }
                            ],
                            "MinutesUntilReady": 100
                        },
                        { //罐头
                            "Id": "SweetValley.can",
                            "Triggers": [
                                {
                                    "RequiredTags": [
                                        "category_fruits"
                                    ],
                                    "RequiredCount": 2
                                }
                            ],
                            "OutputItem": [
                                {
                                    "ItemId": "SweetValley.can",
                                    "ObjectInternalName": "{0} SweetValley.can",
                                    "ObjectDisplayName": "[LocalizedText Strings/Objects:SweetValley.can_0 %PRESERVED_DISPLAY_NAME]",
                                    "PreserveId": "DROP_IN",
                                    "CopyPrice": true,
                                    "CustomData": {
                                        "selph.ExtraMachineConfig.CopyColor": "true",
                                        "selph.ExtraMachineConfig.RequirementTags.1": "id_o_245",
                                        "selph.ExtraMachineConfig.RequirementInvalidMsg": "{{i18n:245_need}}"
                                    },
                                    "PriceModifiers": [
                                        {
                                            "Id": "Friedones",
                                            "Modification": "Multiply",
                                            "Amount": 5
                                        }
                                    ]
                                }
                            ],
                            "MinutesUntilReady": 300
                        }
                    ],
                    "WobbleWhileWorking": true,
                    "ShowNextIndexWhileWorking": true
                }
            },
            "When": {
                "lemon": "SweetValley",
                "cottoncandy": "ateliercrops"
            }
        }
    ]
}